{
  "summary": {
    "mAP50": 0.5100036511444408,
    "mAP50-95": 0.32768446937982254,
    "precision_mean": 0.723190826107462,
    "recall_mean": 0.38020974344145925,
    "fitness": 0.32768446937982254
  },
  "per_class": {
    "apple": {
      "P": 0.5527056574768915,
      "R": 0.7530106224531576,
      "mAP50": 0.7293468303512738,
      "mAP50-95": 0.49397642386426666
    },
    "aubergine": {
      "P": 1.0,
      "R": 0.0,
      "mAP50": 0.10498019801980199,
      "mAP50-95": 0.08398415841584159
    },
    "banana": {
      "P": 0.9246398487230297,
      "R": 0.5577407473695231,
      "mAP50": 0.7703346380692052,
      "mAP50-95": 0.47108130502092305
    },
    "beans": {
      "P": 0.0,
      "R": 0.0,
      "mAP50": 0.0,
      "mAP50-95": 0.0
    },
    "beef": {
      "P": 0.9040976284471934,
      "R": 0.1898542447866128,
      "mAP50": 0.4176358625169066,
      "mAP50-95": 0.2261002902480893
    },
    "blueberries": {
      "P": 0.9720519237330704,
      "R": 0.2973113154159711,
      "mAP50": 0.6378447087188615,
      "mAP50-95": 0.3710803498505113
    },
    "carrot": {
      "P": 0.6197209751039481,
      "R": 0.5625,
      "mAP50": 0.5748404745165452,
      "mAP50-95": 0.31266195820763976
    },
    "cheese": {
      "P": 0.9155172781946879,
      "R": 0.38024632361763316,
      "mAP50": 0.5377524956488114,
      "mAP50-95": 0.318083387798054
    },
    "chicken": {
      "P": 0.9436244553400587,
      "R": 0.30939226519337015,
      "mAP50": 0.5573396600527682,
      "mAP50-95": 0.36717196011251485
    },
    "corn": {
      "P": 1.0,
      "R": 0.10124238259726237,
      "mAP50": 0.35100731986531986,
      "mAP50-95": 0.22862861141537097
    },
    "courgettes": {
      "P": 1.0,
      "R": 0.0,
      "mAP50": 0.2611514880952381,
      "mAP50-95": 0.16707316828628244
    },
    "egg": {
      "P": 0.8905871878583357,
      "R": 0.5789473684210527,
      "mAP50": 0.7016021367583117,
      "mAP50-95": 0.3916708590584459
    },
    "flour": {
      "P": 0.7458328112808221,
      "R": 0.13496932515337423,
      "mAP50": 0.33805064165801735,
      "mAP50-95": 0.19755298614051872
    },
    "green beans": {
      "P": 1.0,
      "R": 0.24835154246273408,
      "mAP50": 0.6499461126917636,
      "mAP50-95": 0.41240747784365644
    },
    "lime": {
      "P": 0.5948589254921801,
      "R": 0.2608695652173913,
      "mAP50": 0.4215149677653507,
      "mAP50-95": 0.2705150195710416
    },
    "mushroom": {
      "P": 0.8837837486060651,
      "R": 0.8870967741935484,
      "mAP50": 0.9392887396439874,
      "mAP50-95": 0.6189940867914154
    },
    "olive": {
      "P": 0.0,
      "R": 0.0,
      "mAP50": 0.0,
      "mAP50-95": 0.0
    },
    "onion": {
      "P": 0.5662972140515781,
      "R": 0.9473684210526315,
      "mAP50": 0.7951674946656483,
      "mAP50-95": 0.5679441743836687
    },
    "orange": {
      "P": 1.0,
      "R": 0.10752976166089018,
      "mAP50": 0.6348097094309987,
      "mAP50-95": 0.47755351995947065
    },
    "potato": {
      "P": 0.6932974783945853,
      "R": 0.7647058823529411,
      "mAP50": 0.8230895183307341,
      "mAP50-95": 0.5517045873785629
    },
    "spinach": {
      "P": 0.640216428773752,
      "R": 0.75,
      "mAP50": 0.662202886559442,
      "mAP50-95": 0.39757952557093074
    },
    "strawberry": {
      "P": 0.6195786407557847,
      "R": 0.8055555555555556,
      "mAP50": 0.7733084150954143,
      "mAP50-95": 0.4822614431914973
    },
    "sugar": {
      "P": 0.9342825302659415,
      "R": 0.09812280871604112,
      "mAP50": 0.386821295991382,
      "mAP50-95": 0.285995440785354
    },
    "sweet potato": {
      "P": 0.8190142977383826,
      "R": 0.59375,
      "mAP50": 0.7306337280288421,
      "mAP50-95": 0.5260336417481037
    },
    "swiss yoghurt": {
      "P": 0.08701054718819169,
      "R": 0.008695652173913044,
      "mAP50": 0.026942593809724826,
      "mAP50-95": 0.019384643999285432
    },
    "tomato": {
      "P": 0.49584390136951134,
      "R": 0.5481927710843374,
      "mAP50": 0.43448301347110974,
      "mAP50-95": 0.28035718423393907
    }
  }
}